{"count":1,"self":164.6288256,"total":9584.2149383,"children":{"AgentSendState":{"count":292001,"self":40.1113248,"total":237.98852169999998,"children":{"CollectObservations":{"count":23360080,"self":41.189568,"total":41.189567499999995,"children":null},"CollectDiscreteActionMasks":{"count":23360080,"self":3.86977,"total":3.8697698999999997,"children":null},"AgentInfo.ToProto":{"count":11680040,"self":10.072296,"total":152.817861,"children":{"GenerateSensorData":{"count":11680040,"self":34.600780799999995,"total":142.7455646,"children":{"RayPerceptionSensor.Perceive":{"count":11680040,"self":108.14478079999999,"total":108.14478469999999,"children":null}}}}}}},"DecideAction":{"count":292001,"self":9151.9410176,"total":9151.9413511,"children":null},"AgentAct":{"count":292001,"self":29.339897599999997,"total":29.6552337,"children":{"AgentInfo.ToProto":{"count":10627,"self":0.030274099999999998,"total":0.315336,"children":{"GenerateSensorData":{"count":10627,"self":0.0620065,"total":0.2850619,"children":{"RayPerceptionSensor.Perceive":{"count":10627,"self":0.2230554,"total":0.2230554,"children":null}}}}}}}},"gauges":{"Navigation.CumulativeReward":{"count":10627,"max":470.336243,"min":-267.1101,"runningAverage":264.265961,"value":385.600677,"weightedAverage":320.2332}},"metadata":{"timer_format_version":"0.1.0","start_time_seconds":"1622874044","unity_version":"2020.3.3f1","command_line_arguments":"C:\\Program Files\\Unity\\Hub\\Editor\\2020.3.3f1\\Editor\\Unity.exe -projectpath C:\/Users\/iamsa\/Desktop\/major_project\/Major-Project\/Major Project(git) -useHub -hubIPC -cloudEnvironment production -hubSessionId 080f89b0-c5c4-11eb-89e8-9371b07a4f61 -accessToken jOyMDe_wqYEo-kkmb1fp4SC4mXTh09lqiidds0Kb-5M00cf","communication_protocol_version":"1.0.0","com.unity.ml-agents_version":"1.0.7","scene_name":"Navigation Training","end_time_seconds":"1622883629"}}